<?xml version="1.0" encoding="UTF-8"?>
<metadata xml:lang="zh"><Esri><CreaDate>20231106</CreaDate><CreaTime>16470100</CreaTime><ArcGISFormat>1.0</ArcGISFormat><SyncOnce>TRUE</SyncOnce><DataProperties><lineage><Process Name="Raster to Polygon (2)" ToolSource="c:\program files\arcgis\pro\Resources\ArcToolbox\toolboxes\Conversion Tools.tbx\RasterToPolygon" Date="20231106" Time="164701">RasterToPolygon "C:\Users\WINDOWS\Desktop\Dune Extraction\data\mid data\Int_Majority_sm1.tif" "C:\Users\WINDOWS\Desktop\Dune Extraction\result\dune extraction result.shp" SIMPLIFY Value SINGLE_OUTER_PART #</Process><Process ToolSource="c:\program files\arcgis\pro\Resources\ArcToolbox\toolboxes\Data Management Tools.tbx\AddFields" Date="20231106" Time="164701">AddFields "C:\Users\WINDOWS\Desktop\Dune Extraction\result\dune extraction result.shp" "area DOUBLE # # # #" #</Process><Process Name="Calculate Geometry Attributes (2)" ToolSource="c:\program files\arcgis\pro\Resources\ArcToolbox\toolboxes\Data Management Tools.tbx\CalculateGeometryAttributes" Date="20231106" Time="164702">CalculateGeometryAttributes "C:\Users\WINDOWS\Desktop\Dune Extraction\result\dune extraction result.shp" "area AREA_GEODESIC" # "Square Kilometers" PROJCS["WGS_1984_Web_Mercator_Auxiliary_Sphere",GEOGCS["GCS_WGS_1984",DATUM["D_WGS_1984",SPHEROID["WGS_1984",6378137.0,298.257223563]],PRIMEM["Greenwich",0.0],UNIT["Degree",0.0174532925199433]],PROJECTION["Mercator_Auxiliary_Sphere"],PARAMETER["False_Easting",0.0],PARAMETER["False_Northing",0.0],PARAMETER["Central_Meridian",0.0],PARAMETER["Standard_Parallel_1",0.0],PARAMETER["Auxiliary_Sphere_Type",0.0],UNIT["Meter",1.0]] "Same as input"</Process><Process Name="Smooth Shared Edges" ToolSource="c:\program files\arcgis\pro\Resources\ArcToolbox\toolboxes\Cartography Tools.tbx\SmoothSharedEdges" Date="20231106" Time="164702">SmoothSharedEdges 'C:\Users\WINDOWS\Desktop\Dune Extraction\result\dune extraction result.shp' "Polynomial Approximation with Exponential Kernel (PAEK)" "180 Meters" # #</Process></lineage></DataProperties></Esri></metadata>
