<?xml version="1.0" encoding="UTF-8"?>
<metadata xml:lang="zh"><Esri><CreaDate>20231106</CreaDate><CreaTime>16465500</CreaTime><ArcGISFormat>1.0</ArcGISFormat><SyncOnce>TRUE</SyncOnce><DataProperties><lineage><Process Name="Distance Accumulation" ToolSource="c:\program files\arcgis\pro\Resources\ArcToolbox\toolboxes\Spatial Analyst Tools.tbx\DistanceAccumulation" Date="20231106" Time="164655">DistanceAccumulation "C:\Users\WINDOWS\Desktop\Dune Extraction\data\mid data\Selected Slope Patches_2 .shp" "C:\Users\WINDOWS\Desktop\Dune Extraction\result\Slope Cost Distance.tif" # "C:\Users\WINDOWS\Desktop\Dune Extraction\data\Pyramid Megadune DEM.tif" "C:\Users\WINDOWS\Desktop\Dune Extraction\data\mid data\Slope.tif" # "BINARY 1 -30 30" # "BINARY 1 45" # # # # # # # Planar</Process></lineage><LayerFile>{"type":"CIMLayerDocument","version":"3.0.0","build":36056,"layers":["CIMPATH=__12/slope_cost_distance_tif.json"],"layerDefinitions":[{"type":"CIMRasterLayer","name":"Slope Cost Distance.tif","uRI":"CIMPATH=__12/slope_cost_distance_tif.json","sourceModifiedTime":{"type":"TimeInstant"},"useSourceMetadata":true,"description":"Slope Cost Distance.tif","layerElevation":{"type":"CIMLayerElevationSurface","elevationSurfaceLayerURI":"CIMPATH=685da9c7ad64439d88b39a7148411135.json"},"expanded":true,"layerType":"Operational","showLegends":true,"visibility":true,"displayCacheType":"Permanent","maxDisplayCacheAge":5,"showPopups":true,"serviceLayerID":-1,"refreshRate":-1,"refreshRateUnit":"esriTimeUnitsSeconds","blendingMode":"Alpha","allowDrapingOnIntegratedMesh":true,"dataConnection":{"type":"CIMStandardDataConnection","workspaceConnectionString":"DATABASE=..\\..\\..\\..\\Desktop\\Dune Extraction\\result","workspaceFactory":"Raster","dataset":"Slope Cost Distance.tif","datasetType":"esriDTRasterDataset"},"colorizer":{"type":"CIMRasterStretchColorizer","resamplingType":"NearestNeighbor","noDataColor":{"type":"CIMRGBColor","values":[255,255,255,0]},"backgroundColor":{"type":"CIMRGBColor","values":[255,255,255,0]},"colorRamp":{"type":"CIMMultipartColorRamp","colorRamps":[{"type":"CIMPolarContinuousColorRamp","colorSpace":{"type":"CIMICCColorSpace","url":"Default RGB"},"fromColor":{"type":"CIMHSVColor","values":[98,42,60,100]},"toColor":{"type":"CIMHSVColor","values":[57,33,95,100]},"interpolationSpace":"HSV","polarDirection":"Auto"},{"type":"CIMPolarContinuousColorRamp","colorSpace":{"type":"CIMICCColorSpace","url":"Default RGB"},"fromColor":{"type":"CIMHSVColor","values":[57,33,95,100]},"toColor":{"type":"CIMHSVColor","values":[40,45,95,100]},"interpolationSpace":"HSV","polarDirection":"Auto"},{"type":"CIMPolarContinuousColorRamp","colorSpace":{"type":"CIMICCColorSpace","url":"Default RGB"},"fromColor":{"type":"CIMHSVColor","values":[40,45,95,100]},"toColor":{"type":"CIMHSVColor","values":[14,36,76,100]},"interpolationSpace":"HSV","polarDirection":"Counterclockwise"},{"type":"CIMPolarContinuousColorRamp","colorSpace":{"type":"CIMICCColorSpace","url":"CIELAB"},"fromColor":{"type":"CIMHSVColor","values":[13.7200000000000006,36.0799999999999983,76.0799999999999983,100]},"toColor":{"type":"CIMLABColor","values":[97.6613879613448859,5.1406236854073528,-3.2669338597618669,100]},"interpolationSpace":"LAB","polarDirection":"Counterclockwise"}],"weights":[1,1,1,1]},"colorScheme":"Surface","customStretchMax":1,"gammaValue":1,"maxPercent":0.5,"minPercent":0.5,"standardDeviationParam":2,"statsType":"Dataset","stretchClasses":[{"type":"CIMRasterStretchClass","label":"0"},{"type":"CIMRasterStretchClass","label":"1708.68603515625","value":1708.68603515625},{"type":"CIMRasterStretchClass","label":"3417.3720703125","value":3417.3720703125}],"stretchStats":{"type":"StatsHistogram","min":0,"max":3417.3720703125,"mean":172.708615829889993,"stddev":295.937937001990008,"limitMin":0,"limitMax":3417.3720703125,"histogram":[1992935,172141,171807,93681,82367,96535,60301,59924,69211,50352,60221,66099,41356,37509,47740,35984,31418,39316,28720,28989,45351,25534,32041,29033,22629,27835,20649,21670,26371,18837,26516,22696,18504,18411,21002,18216,16248,18565,14309,13710,23170,13236,15236,11793,12043,13825,11247,11876,12661,10146,14385,11052,9366,8817,10023,8357,8523,9878,8083,8249,8698,10766,7731,6380,6379,6847,5587,5604,5835,4952,4783,8264,4491,4283,4617,3995,3771,4281,3971,3926,3960,5423,3833,3082,3034,3217,2727,2809,2899,2559,2524,4043,2368,2336,2645,2213,2120,2211,1929,1784,1865,2597,1617,1462,1514,1386,1301,1252,1342,1166,1109,1164,1693,984,974,880,832,903,771,746,760,751,1028,603,544,542,518,518,530,440,482,391,669,392,401,373,345,324,289,260,304,262,451,256,233,221,183,215,182,160,160,147,242,140,132,118,139,127,133,103,99,97,161,94,102,99,100,101,74,66,69,52,67,115,65,68,47,64,62,30,41,44,27,61,43,49,37,41,30,25,32,21,23,34,19,12,17,14,16,14,16,15,15,13,11,7,11,7,9,8,4,6,4,3,2,3,3,1,0,4,0,1,0,7,1,0,1,0,0,1,0,3,1,0,0,1,1,0,1,1,0,0,0,0,0,0,0,0,0,0,0,0,0,0,0,1],"nsamples":4171596,"resolution":13.4014590992647058},"stretchType":"PercentMinimumMaximum"}}]}</LayerFile></DataProperties></Esri></metadata>
