<?xml version="1.0" encoding="UTF-8"?>
<metadata xml:lang="zh"><Esri><CreaDate>20231106</CreaDate><CreaTime>14490700</CreaTime><ArcGISFormat>1.0</ArcGISFormat><SyncOnce>TRUE</SyncOnce><DataProperties><lineage><Process ToolSource="c:\program files\arcgis\pro\Resources\ArcToolbox\toolboxes\Spatial Analyst Tools.tbx\ExtractByMask" Date="20230809" Time="220318">ExtractByMask BDJLDEM "Study Area" D:\沙丘提取\实验数据\沙丘提取实验_new\实验12\金字塔型沙山\金字塔型沙山DEM.tif 内部 "100.19614505129 39.3973622430866 103.087386546195 41.4505119932426 GEOGCS["GCS_WGS_1984",DATUM["D_WGS_1984",SPHEROID["WGS_1984",6378137.0,298.257223563]],PRIMEM["Greenwich",0.0],UNIT["Degree",0.0174532925199433]]"</Process><Process ToolSource="c:\program files\arcgis\pro\Resources\ArcToolbox\toolboxes\Data Management Tools.tbx\Copy" Date="20231106" Time="144907">Copy D:\沙丘提取\实验数据\沙丘提取实验_new\实验12\金字塔型沙山\金字塔型沙山DEM.tif "C:\Users\WINDOWS\Desktop\Dune Extraction\data\金字塔型沙山DEM.tif" "Raster Dataset" #</Process><Process ToolSource="c:\program files\arcgis\pro\Resources\ArcToolbox\toolboxes\Data Management Tools.tbx\Rename" Date="20231106" Time="144935">Rename "C:\Users\WINDOWS\Desktop\Dune Extraction\data\金字塔型沙山DEM.tif" "C:\Users\WINDOWS\Desktop\Dune Extraction\data\Pyramid Megadune DEM.tif" RasterDataset</Process></lineage><itemProps><itemLocation><linkage Sync="TRUE">file://\\DESKTOP-14C9BGP\C$\Users\WINDOWS\Desktop\Dune Extraction\data\金字塔型沙山DEM.tif</linkage><protocol Sync="TRUE">Local Area Network</protocol></itemLocation></itemProps><copyHistory><copy source="D:\沙丘提取\实验数据\沙丘提取实验_new\实验12\金字塔型沙山\金字塔型沙山DEM.tif" dest="\\DESKTOP-14C9BGP\C$\Users\WINDOWS\Desktop\Dune Extraction\data\金字塔型沙山DEM.tif" date="20231106" time="14490700"></copy></copyHistory></DataProperties></Esri></metadata>
